iter	Logloss
0	0.2060043767
1	0.1129356819
2	0.07359758117
3	0.05428485915
4	0.04325825396
5	0.03292186271
6	0.02839311971
7	0.02140813366
8	0.0184961216
9	0.01737841978
